Time,Title,URL
2020-08-30 23:00:00,Guca Festival 2020,http://guca-festival.com/guca-festival/12-winners
2020-08-30 17:23:23,Kosovo endgame: A perfect storm of betrayal,https://www.sott.net/article/440586-Kosovo-endgame-A-perfect-storm-of-betrayal
2020-08-30 12:13:56,Montenegro election: Long-ruling party faces tough challenge,https://www.bbc.co.uk/news/world-europe-53965744
2020-08-30 09:12:54,Montenegro Voting for New Parliament; Election to Determine Path Forward,https://www.voanews.com/europe/montenegro-voting-new-parliament-election-determine-path-forward
2020-08-30 08:02:35,"Federer, Nadal and Murray speak out against Djokovic-led player association",https://metro.co.uk/2020/08/30/federer-nadal-murray-djokovic-union-professional-tennis-players-association-13197606/
2020-08-29 00:00:29,"Matic has retired from international football, Serbia director confirms",https://www.vanguardngr.com/2020/08/matic-has-retired-from-international-football-serbia-director-confirms/
2020-08-28 17:14:00,"Matic has retired from international football, Serbia director confirms",https://www.soccernews.com/matic-has-retired-from-international-football-serbia-director-confirms/310096/
2020-08-28 15:53:13,Matic retires from international football,https://www.manutd.com/en/news/detail/nemanja-matic-calls-time-on-international-career-with-serbia
2020-08-28 12:26:00,Matic free to focus on Man Utd after retiring from international duty with <b>Serbia</b>,https://news.google.com/__i/rss/rd/articles/CBMiamh0dHBzOi8vd3d3LmdvYWwuY29tL2VuLXVzL25ld3MvbWF0aWMtbWFuLXV0ZC1yZXRpcmluZy1pbnRlcm5hdGlvbmFsLWR1dHktc2VyYmlhL3hsemJiODBoZDRuYTFuOGwwMDJjcWI1OWHSAW5odHRwczovL3d3dy5nb2FsLmNvbS9lbi11cy9hbXAvbmV3cy9tYXRpYy1tYW4tdXRkLXJldGlyaW5nLWludGVybmF0aW9uYWwtZHV0eS1zZXJiaWEveGx6YmI4MGhkNG5hMW44bDAwMmNxYjU5YQ?oc=5
2020-08-28 11:00:28,Matic calls time on Serbia career - Serbian FA,https://www.channelnewsasia.com/news/sport/matic-calls-time-on-serbia-career---serbian-fa-13063300
2020-08-28 11:00:28,Matic calls time on <b>Serbia</b> career,https://www.channelnewsasia.com/news/sport/matic-calls-time-on-serbia-career---serbian-fa-13063300
2020-08-28 10:59:00,Matic calls time on Serbia career - Serbian FA,https://uk.reuters.com/article/uk-soccer-serbia-matic/matic-calls-time-on-serbia-career-serbian-fa-idUKKBN25O1HO
2020-08-28 09:51:40,"China's Hong Kong, Serbia sign comprehensive avoidance of double taxation agreement | English.news.cn",http://www.xinhuanet.com/english/2020-08/28/c_139324984.htm
2020-08-28 08:12:49,Montenegro parliamentary vote tests pro-Western ruling camp,https://auburnpub.com/news/world/montenegro-parliamentary-vote-tests-pro-western-ruling-camp/article_b22381b5-f64d-5aa8-a9bd-35ff20416242.html
2020-08-28 06:37:35,BELGRADE â Belgrade had joined the EU's Declaration on Belarus,https://www.euractiv.com/section/politics/short_news/belgrade-belgrade-had-joined-the-eus-declaration-on-belarus/
2020-08-27 23:00:00,Hookers in Pec,http://haveclotheswilltravel.com/callgirls-new/hookers-in-pec.php
2020-08-27 15:57:20,Serbia reports no new coronavirus deaths for the first time in 2 months,https://tass.com/world/1194571
2020-08-27 13:04:40,Serbia surprisingly joins EU in condemnation of Belarus vote,https://www.reddit.com/r/worldnews/comments/ihknmr/serbia_surprisingly_joins_eu_in_condemnation_of/
2020-08-27 13:00:09,<b>Serbia</b> surprisingly joins EU in condemnation of Belarus vote,https://www.startribune.com/serbia-surprisingly-joins-eu-in-condemnation-of-belarus-vote/572237402/
2020-08-27 12:58:27,Serbia surprisingly joins EU in condemnation of Belarus vote,https://abcnews.go.com/International/wireStory/serbia-surprisingly-joins-eu-condemnation-belarus-vote-72649463
2020-08-27 12:57:56,Serbia surprisingly joins EU in condemnation of Belarus vote,https://apnews.com/1b0e3969c8e0253f8f1efcedb0733c71
2020-08-27 12:56:42,Serbia surprisingly joins EU in condemnation of Belarus vote,https://www.beloitdailynews.com/news/world-news/serbia-surprisingly-joins-eu-in-condemnation-of-belarus-vote/article_31bcb40e-a71f-5d6c-850d-e959f6068765.html
2020-08-27 12:56:42,Serbia surprisingly joins EU in condemnation of Belarus vote,https://www.ncnewsonline.com/news/national/serbia-surprisingly-joins-eu-in-condemnation-of-belarus-vote/article_969b0576-7fbc-52f7-a8bb-1c7f08ddff4c.html
2020-08-27 12:56:42,Serbia surprisingly joins EU in condemnation of Belarus vote,https://nptelegraph.com/news/world/serbia-surprisingly-joins-eu-in-condemnation-of-belarus-vote/article_1b614c6b-0262-595d-80b1-ce45c9874d6e.html
2020-08-27 12:56:42,Serbia surprisingly joins EU in condemnation of Belarus vote,https://www.seattletimes.com/business/serbia-surprisingly-joins-eu-in-condemnation-of-belarus-vote/?utm_source=RSS&utm_medium=Referral&utm_campaign=RSS_all
2020-08-27 12:56:42,Serbia surprisingly joins EU in condemnation of Belarus vote,https://heraldcourier.com/news/world/serbia-surprisingly-joins-eu-in-condemnation-of-belarus-vote/article_70222d9a-8a61-563a-a957-6ad7eace0b4a.html
2020-08-27 12:56:42,Serbia surprisingly joins EU in condemnation of Belarus vote,https://www.stltoday.com/business/serbia-surprisingly-joins-eu-in-condemnation-of-belarus-vote/article_ab6d1218-43fa-5278-ad5e-f8e2465e469e.html
2020-08-27 12:56:42,Serbia surprisingly joins EU in condemnation of Belarus vote,https://newsadvance.com/news/world/serbia-surprisingly-joins-eu-in-condemnation-of-belarus-vote/article_756359c1-56c8-58f6-b80b-fd7ebf2d6a47.html
2020-08-27 12:56:42,Serbia surprisingly joins EU in condemnation of Belarus vote,https://dailyprogress.com/news/world/serbia-surprisingly-joins-eu-in-condemnation-of-belarus-vote/article_f189d83c-2d83-52cd-a34d-31eea4f9b47b.html
2020-08-27 12:56:42,Serbia surprisingly joins EU in condemnation of Belarus vote,https://ktar.com/story/3522710/serbia-surprisingly-joins-eu-in-condemnation-of-belarus-vote/
2020-08-27 12:56:42,Serbia surprisingly joins EU in condemnation of Belarus vote,https://billingsgazette.com/news/world/serbia-surprisingly-joins-eu-in-condemnation-of-belarus-vote/article_571d5586-d7bd-5c9c-920a-53fdf179eb4a.html
2020-08-27 12:56:42,Serbia surprisingly joins EU in condemnation of Belarus vote,https://roanoke.com/news/world/serbia-surprisingly-joins-eu-in-condemnation-of-belarus-vote/article_d1e59022-6a54-5cc7-b162-660f04b93fff.html
2020-08-27 12:56:42,Serbia surprisingly joins EU in condemnation of Belarus vote,https://kvoa.com/ap-national-news/2020/08/27/serbia-surprisingly-joins-eu-in-condemnation-of-belarus-vote/
2020-08-27 12:56:42,Serbia surprisingly joins EU in condemnation of Belarus vote,https://fredericksburg.com/news/world/serbia-surprisingly-joins-eu-in-condemnation-of-belarus-vote/article_88a797e7-3f08-5b04-87a4-916e82c0744b.html
2020-08-27 12:56:42,Serbia Surprisingly Joins EU in Condemnation of Belarus Vote,https://www.usnews.com/news/world/articles/2020-08-27/serbia-surprisingly-joins-eu-in-condemnation-of-belarus-vote
2020-08-27 12:56:42,Serbia surprisingly joins EU in condemnation of Belarus vote,https://www.bdtonline.com/news/serbia-surprisingly-joins-eu-in-condemnation-of-belarus-vote/article_1a3734ab-6e67-5fab-a7bd-10425190ebe0.html
2020-08-27 12:56:40,Serbia surprisingly joins EU in condemnation of Belarus vote,https://news.yahoo.com/serbia-surprisingly-joins-eu-condemnation-125640540.html
2020-08-27 11:53:26,Serbia Must Quiz Officials over US Albanians' Murders: UN Rapporteur,https://balkaninsight.com/2020/08/27/serbia-must-quiz-officials-over-us-albanians-murders-un-rapporteur/
2020-08-27 11:43:15,Serbia's economic recovery exceeds expectations: central bank governor | English.news.cn,http://www.xinhuanet.com/english/2020-08/27/c_139322616.htm
2020-08-27 11:32:02,"XMAS & NEW YEAR: Belgrade, Serbia to Canada or the USA from only â¬279 roundtrip (Sep-May dates)",https://www.secretflying.com/posts/belgrade-serbia-to-canada-or-the-usa-from-only-e279-roundtrip/
2020-08-27 11:19:07,"UNHCR Serbia Fact Sheet, August 2020",https://reliefweb.int/report/serbia/unhcr-serbia-fact-sheet-august-2020
2020-08-27 06:28:40,"<b>Serbia</b> Requires Negative PCR Test for Bulgaria, Romania, Northern Macedonia and Croatia",https://www.novinite.com/articles/205809/Serbia+Requires+Negative+PCR+Test+for+Bulgaria%2C+Romania%2C+Northern+Macedonia+and+Croatia
2020-08-26 17:14:50,Montenegro president: Independence at stake in upcoming vote,https://www.thestar.com/news/world/europe/2020/08/26/montenegro-president-independence-at-stake-in-upcoming-vote.html
2020-08-26 15:12:15,Interview: Serbian expert says economic ties with China bolster resilience against COVID-19 | English.news.cn,http://www.xinhuanet.com/english/2020-08/26/c_139320178.htm
2020-08-26 15:06:29,Serbian State to Help Air Serbia Repay Etihad Loans,https://airwaysmag.com/airlines/serbian-state-to-help-air-serbia-repay-etihad-loans/
2020-08-26 14:34:06,Serbian State to Help Air Serbia Repay Etihad Loans,https://businesstravel.com.au/article//514607/serbian-state-to-help-air-serbia-repay-etihad-loans
2020-08-26 13:39:33,Serbia Praised for Endorsing EU Criticism of âUnfair' Belarus Elections,https://balkaninsight.com/2020/08/26/serbia-praised-for-endorsing-eu-criticism-of-unfair-belarus-elections/
2020-08-26 13:27:19,Montenegro president: Independence at stake in upcoming vote,https://abcnews.go.com/International/wireStory/montenegro-president-independence-stake-upcoming-vote-72622295
2020-08-26 13:25:25,Montenegro president: Independence at stake in upcoming vote,https://roanoke.com/news/world/montenegro-president-independence-at-stake-in-upcoming-vote/article_8dfe6e2c-c021-5718-83b6-c03b335619ab.html
2020-08-26 13:25:23,Montenegro president: Independence at stake in upcoming vote,https://wtop.com/europe/2020/08/montenegro-president-independence-at-stake-in-upcoming-vote/
2020-08-26 06:29:32,"Germany, Serbia agree to improve partnership",https://www.euractiv.com/section/all/short_news/germany-serbia-agree-to-improve-partnership/
2020-08-26 05:05:20,Serbia buys Chinese air defense missile system,https://defence.pk/pdf/threads/serbia-buys-chinese-air-defense-missile-system.678983/
2020-08-25 17:20:55,Will <b>Serbia</b> Release Covid-19 Data from Institutions?,https://www.hrw.org/news/2020/08/25/will-serbia-release-covid-19-data-institutions
2020-08-25 15:00:00,"Serbia's Rocky Statue in Å½itiÅ¡te, Serbia",https://www.atlasobscura.com/places/serbia-rocky-statue
2020-08-25 10:51:15,International calls to <b>Serbia</b> cutting off at 3mins,https://community.virginmedia.com/t5/Home-Phone/International-calls-to-Serbia-cutting-off-at-3mins/m-p/4381525#M138309
2020-08-25 10:35:00,Olympic silver medallist and world champion Malesevic retires from volleyball,https://www.insidethegames.biz/articles/1097675/malesevic-serbia-volleyball-retirement
2020-08-25 06:37:49,Serbia to procure three COVID-19 vaccines,https://www.euractiv.com/section/all/short_news/serbia-to-procure-three-covid-19-vaccines/
2020-08-24 23:15:06,Serbia turns brandy into hospital disinfectant,https://www.macaubusiness.com/serbia-turns-brandy-into-hospital-disinfectant/
2020-08-24 19:58:38,Prince Philip and Princess Danica of Serbia visit Mostar,https://royalcentral.co.uk/europe/serbia/prince-philip-and-princess-danica-of-serbia-visit-mostar-147696/
2020-08-24 16:00:00,"Vespa Muzej Srbija (Vespa Museum Serbia) in Belgrade, Serbia",https://www.atlasobscura.com/places/vespa-muzej-srbija-vespa-museum-serbia
2020-08-24 06:43:06,Dacic: Biden's âoption' not better for Serbia,https://www.euractiv.com/section/all/short_news/dacic-bidens-option-not-better-for-serbia/
2020-08-23 05:12:36,Leaders Of <b>Serbia</b> And Kosovo To Meet At White House On September 4,https://www.eurasiareview.com/23082020-leaders-of-serbia-and-kosovo-to-meet-at-white-house-on-september-4/
2020-08-23 01:48:23,"White House invites leaders of Serbia, Kosovo to talks on September 4",https://tass.com/world/1192709
2020-08-17 00:45:35,<b>Serbia</b>: COVID-19 Entry Requirements,https://www.traveloffpath.com/serbia-covid-19-entry-requirements/
2020-08-16 16:32:55,Villagers in <b>Serbia</b> tear out hydropower pipes in protest over river,http://euronews.net/2020/08/16/villagers-in-serbia-tear-out-hydropower-pipes-in-protest-over-river
2020-08-16 00:45:29,RJ Sooraj recounts trips to <b>Serbia</b> and Egypt,https://www.onmanorama.com/travel/celebrity-travel/2020/08/15/rj-sooraj-vlogs-trips-serbia.html
2020-08-14 10:10:24,Azeri envoy to <b>Serbia</b> arrested on suspicion of embesslement,http://www.panarmenian.net/eng/news/284032/
2020-08-13 14:06:40,Azerbaijani ambassador detained in <b>Serbia</b>,https://news.am/eng/news/596766.html
2020-08-11 14:30:19,<b>Serbia</b> considers buying Chinese missiles despite US warning,http://www.dailyjournal.net/2020/08/11/eu-serbia-chinese-missiles/
2020-08-11 09:24:27,<b>Serbia</b> voices support for Azerbaijan's territorial integrity [PHOTO],https://menafn.com/1100618895/Serbia-voices-support-for-Azerbaijans-territorial-integrity-PHOTO
2020-08-10 16:07:47,<b>Serbia</b> Is Sitting at the Great-Powers Crossroads,https://www.heritage.org/europe/commentary/serbia-sitting-the-great-powers-crossroads
2020-08-07 23:00:00,Model Hooker on MPAC-EUROPE.EU| <b>Serbia</b>,http://mpac-europe.eu/newest-putans/whores-in-novi-sad.php
2020-08-07 18:58:09,"Nigerian basketball player, Michael Ojo, 27, dies in <b>Serbia</b>",https://www.vanguardngr.com/2020/08/nigerian-basketball-player-michael-ojo-27-dies-in-serbia/
2020-08-07 17:30:44,Basketball player dies during training in <b>Serbia</b>,https://thefrontierpost.com/basketball-player-dies-during-training-in-serbia/?utm_source=rss&utm_medium=rss&utm_campaign=basketball-player-dies-during-training-in-serbia
2020-08-07 14:54:00,"Nigerian basketball player, Ojo, dies during training in <b>Serbia</b>  Punch Newspapers",https://punchng.com/breaking-nigerian-basketball-player-ojo-dies-during-training-in-serbia/
2020-08-07 14:22:00,<b>Serbia</b> mends fences with Azerbaijan after selling arms to Armenia,http://aljazeera.com/news/2020/08/serbia-mends-fences-azerbaijan-selling-arms-armenia-200807135222135.html
2020-08-07 14:10:15,Basketball player dies during training in <b>Serbia</b>,https://www.bakersfield.com/ap/sports/basketball-player-dies-during-training-in-serbia/article_2f6a848a-aa04-5471-87ff-865c54391e50.html
2020-08-04 06:53:22,<b>Serbia</b> buys Chinese weapons,https://euobserver.com/tickers/149095?utm_source=euobs&utm_medium=rss
2020-08-03 15:10:34,"Latest News, Videos and Highlights",https://bleacherreport.com/articles/2902016-from-serbia-to-cfb
2020-08-03 11:35:34,"Serbian parliament convenes after elections, amid protests",http://gazette.com/ap/international/serbian-parliament-convenes-after-elections-amid-protests/article_a17302da-14a3-589e-88d0-e80d45a7b945.html
2020-08-02 20:34:08,<b>Serbia</b> buys Chinese air defense missile system,https://defence.pk/pdf/threads/serbia-buys-chinese-air-defense-missile-system.678983/
2020-07-31 05:00:00,<b>Serbia</b>: Release Covid-19 Data for Institutions,https://www.tolerance.ca/Article.aspx?ID=476233&L=en
2020-07-30 00:00:00,<b>Serbia</b> country profile,https://home.kpmg.com/xx/en/home/insights/2018/07/european-tax-serbia-country-profile.html
2020-07-29 14:00:13,U.S. Is Pushing for a New Provocation Against <b>Serbia</b> over the Kosovo Issue,https://www.globalresearch.ca/us-pushing-new-provocation-against-serbia-kosovo-issue/5719764
2020-07-29 11:17:26,<b>Serbia</b>: Targeting of journalists and NGOs a blatant act of intimidation,https://www.amnesty.org/en/latest/news/2020/07/serbia-targeting-of-journalists-and-ngos-a-blatant-act-of-intimidation/
2020-07-28 18:04:20,"<b>Serbia</b> cracks down on rights groups, government critics",http://news4jax.com/news/politics/2020/07/28/serbia-cracks-down-on-rights-groups-government-critics/
2020-07-28 12:50:05,Pritzl to play professionally in <b>Serbia</b>,https://www.wrn.com/2020/07/pritzl-to-play-professionally-in-serbia/
2020-07-28 12:50:05,Pritzl to play professionally in <b>Serbia</b>,https://www.wclo.com/2020/07/28/pritzl-to-play-professionally-in-serbia/
2020-07-28 12:01:11,U.S. Interests in Negotiations Between <b>Serbia</b> and Kosovo,https://www.lawfareblog.com/us-interests-negotiations-between-serbia-and-kosovo
2020-07-27 12:17:28,Cooper Tire <b>Serbia</b> to increase capacity at Krusevac,https://www.onenewspage.com/n/Automotive/1zlssdvsuc/Cooper-Tire-Serbia-to-increase-capacity-at-Krusevac.htm
2020-07-27 09:10:01,Documentary exposes the threat of facial recognition surveillance in <b>Serbia</b>,https://advox.globalvoices.org/2020/07/27/documentary-exposes-the-threat-of-facial-recognition-surveillance-in-serbia/
2020-07-26 14:44:10,The Latest: <b>Serbia</b> logs record number of daily virus cases,https://www.pressherald.com/2020/07/26/the-latest-serbia-logs-record-number-of-daily-virus-cases/
2020-07-26 13:03:26,<b>Serbia</b> seeks more warplanes amid Balkan tensions,http://kdhnews.com/news/world/serbia-seeks-more-warplanes-amid-balkan-tensions/image_38aab12d-dea4-507e-acbe-1438f79763a0.html
2020-07-26 12:52:25,<b>Serbia</b> seeks more warplanes amid Balkan tensions,https://finance.yahoo.com/news/serbia-seeks-more-warplanes-amid-125225904.html
2020-07-25 18:00:00,Intl online scam group arrested in <b>Serbia</b>,https://www.thedailystar.net/backpage/news/intl-online-scam-group-arrested-serbia-1936201
2020-07-23 05:25:19,AAC visits cattle markets to ensure SOPs,https://nation.com.pk/23-Jul-2020/aac-visits-cattle-markets-to-ensure-sops
2020-07-22 04:53:00,180 years UK-Serbia Download,https://downloads.zdnet.com/product/2164-78610210/#ftag=RSS0cc8630
2020-07-20 09:51:12,Insurance Sector in <b>Serbia</b>  First Quarter Report 2020,https://www.marketscreener.com/news/Insurance-Sector-in-Serbia-ndash-First-Quarter-Report-2020--30955260/?utm_medium=RSS&utm_content=20200720
2020-07-20 02:41:00,"<b>Serbia</b> president joins college to live his ""basketball coach"" dream",https://www.republicworld.com/world-news/rest-of-the-world-news/serbia-president-joins-college-to-live-his-basketball-coach-dream.html
2020-07-18 20:12:30,Kosovo president says he doesn't fear war crime charges,http://chron.com/news/article/kosovo-president-says-he-doesn-t-fear-war-crime-15417929.php
